date,flu
2019-08-25,0.02127659574468085
2019-08-26,0.02127659574468085
2019-08-27,0.02127659574468085
2019-08-28,0.02127659574468085
2019-08-29,0.02127659574468085
2019-08-30,0.02127659574468085
2019-08-31,0.02127659574468085
2019-09-01,0.02127659574468085
2019-09-02,0.024316109422492408
2019-09-03,0.027355623100303948
2019-09-04,0.030395136778115506
2019-09-05,0.03343465045592705
2019-09-06,0.03647416413373861
2019-09-07,0.039513677811550144
2019-09-08,0.0425531914893617
2019-09-09,0.04559270516717326
2019-09-10,0.0486322188449848
2019-09-11,0.05167173252279636
2019-09-12,0.054711246200607896
2019-09-13,0.057750759878419454
2019-09-14,0.060790273556231
2019-09-15,0.06382978723404255
2019-09-16,0.06686930091185411
2019-09-17,0.06990881458966565
2019-09-18,0.07294832826747721
2019-09-19,0.07598784194528875
2019-09-20,0.0790273556231003
2019-09-21,0.08206686930091185
2019-09-22,0.0851063829787234
2019-09-23,0.08966565349544073
2019-09-24,0.09422492401215805
2019-09-25,0.09878419452887537
2019-09-26,0.10334346504559269
2019-09-27,0.10790273556231003
2019-09-28,0.11246200607902733
2019-09-29,0.11702127659574468
2019-09-30,0.12006079027355622
2019-10-01,0.1231003039513678
2019-10-02,0.12613981762917933
2019-10-03,0.12917933130699089
2019-10-04,0.1322188449848024
2019-10-05,0.135258358662614
2019-10-06,0.13829787234042554
2019-10-07,0.13829787234042554
2019-10-08,0.13829787234042554
2019-10-09,0.13829787234042554
2019-10-10,0.13829787234042554
2019-10-11,0.13829787234042554
2019-10-12,0.13829787234042554
2019-10-13,0.13829787234042554
2019-10-14,0.1398176291793313
2019-10-15,0.14133738601823706
2019-10-16,0.14285714285714285
2019-10-17,0.14437689969604864
2019-10-18,0.14589665653495443
2019-10-19,0.1474164133738602
2019-10-20,0.14893617021276595
2019-10-21,0.14285714285714285
2019-10-22,0.13677811550151978
2019-10-23,0.13069908814589665
2019-10-24,0.12462006079027357
2019-10-25,0.11854103343465044
2019-10-26,0.11246200607902737
2019-10-27,0.10638297872340426
2019-10-28,0.10790273556231003
2019-10-29,0.10942249240121579
2019-10-30,0.11094224924012157
2019-10-31,0.11246200607902737
2019-11-01,0.11398176291793315
2019-11-02,0.11550151975683891
2019-11-03,0.11702127659574468
2019-11-04,0.11550151975683891
2019-11-05,0.11398176291793315
2019-11-06,0.11246200607902737
2019-11-07,0.11094224924012157
2019-11-08,0.10942249240121579
2019-11-09,0.10790273556231003
2019-11-10,0.10638297872340426
2019-11-11,0.10790273556231003
2019-11-12,0.10942249240121579
2019-11-13,0.11094224924012157
2019-11-14,0.11246200607902737
2019-11-15,0.11398176291793315
2019-11-16,0.11550151975683891
2019-11-17,0.11702127659574468
2019-11-18,0.11246200607902737
2019-11-19,0.10790273556231003
2019-11-20,0.10334346504559272
2019-11-21,0.0987841945288754
2019-11-22,0.09422492401215805
2019-11-23,0.08966565349544073
2019-11-24,0.0851063829787234
2019-11-25,0.08814589665653497
2019-11-26,0.0911854103343465
2019-11-27,0.09422492401215805
2019-11-28,0.0972644376899696
2019-11-29,0.10030395136778116
2019-11-30,0.10334346504559269
2019-12-01,0.10638297872340426
2019-12-02,0.10942249240121579
2019-12-03,0.11246200607902737
2019-12-04,0.11550151975683891
2019-12-05,0.11854103343465044
2019-12-06,0.121580547112462
2019-12-07,0.12462006079027357
2019-12-08,0.1276595744680851
2019-12-09,0.1322188449848024
2019-12-10,0.13677811550151978
2019-12-11,0.14133738601823706
2019-12-12,0.14589665653495443
2019-12-13,0.15045592705167174
2019-12-14,0.15501519756838902
2019-12-15,0.1595744680851064
2019-12-16,0.16261398176291791
2019-12-17,0.1656534954407295
2019-12-18,0.16869300911854104
2019-12-19,0.17173252279635257
2019-12-20,0.17477203647416412
2019-12-21,0.1778115501519757
2019-12-22,0.18085106382978725
2019-12-23,0.182370820668693
2019-12-24,0.18389057750759877
2019-12-25,0.18541033434650453
2019-12-26,0.18693009118541035
2019-12-27,0.1884498480243161
2019-12-28,0.1899696048632219
2019-12-29,0.19148936170212766
2019-12-30,0.1899696048632219
2019-12-31,0.1884498480243161
2020-01-01,0.18693009118541035
2020-01-02,0.18541033434650453
2020-01-03,0.18389057750759877
2020-01-04,0.182370820668693
2020-01-05,0.18085106382978725
2020-01-06,0.18085106382978725
2020-01-07,0.18085106382978725
2020-01-08,0.18085106382978725
2020-01-09,0.18085106382978725
2020-01-10,0.18085106382978725
2020-01-11,0.18085106382978725
2020-01-12,0.18085106382978725
2020-01-13,0.1899696048632219
2020-01-14,0.19908814589665655
2020-01-15,0.20820668693009117
2020-01-16,0.21732522796352582
2020-01-17,0.22644376899696048
2020-01-18,0.23556231003039513
2020-01-19,0.24468085106382978
2020-01-20,0.270516717325228
2020-01-21,0.2963525835866261
2020-01-22,0.3221884498480243
2020-01-23,0.3480243161094226
2020-01-24,0.37386018237082064
2020-01-25,0.3996960486322188
2020-01-26,0.425531914893617
2020-01-27,0.4118541033434651
2020-01-28,0.3981762917933131
2020-01-29,0.3844984802431611
2020-01-30,0.370820668693009
2020-01-31,0.3571428571428571
2020-02-01,0.34346504559270513
2020-02-02,0.32978723404255317
2020-02-03,0.32522796352583583
2020-02-04,0.3206686930091186
2020-02-05,0.3161094224924012
2020-02-06,0.31155015197568386
2020-02-07,0.3069908814589665
2020-02-08,0.30243161094224924
2020-02-09,0.2978723404255319
2020-02-10,0.28419452887537994
2020-02-11,0.270516717325228
2020-02-12,0.256838905775076
2020-02-13,0.24316109422492402
2020-02-14,0.22948328267477203
2020-02-15,0.21580547112462006
2020-02-16,0.20212765957446807
2020-02-17,0.23404255319148937
2020-02-18,0.26595744680851063
2020-02-19,0.2978723404255319
2020-02-20,0.32978723404255317
2020-02-21,0.3617021276595745
2020-02-22,0.39361702127659576
2020-02-23,0.425531914893617
2020-02-24,0.4422492401215805
2020-02-25,0.4589665653495441
2020-02-26,0.4756838905775077
2020-02-27,0.49240121580547114
2020-02-28,0.5091185410334346
2020-02-29,0.5258358662613982
2020-03-01,0.5425531914893617
2020-03-02,0.5957446808510638
2020-03-03,0.648936170212766
2020-03-04,0.7021276595744681
2020-03-05,0.7553191489361702
2020-03-06,0.8085106382978723
2020-03-07,0.8617021276595744
2020-03-08,0.9148936170212766
2020-03-09,0.9270516717325228
2020-03-10,0.9392097264437689
2020-03-11,0.9513677811550154
2020-03-12,0.9635258358662612
2020-03-13,0.9756838905775077
2020-03-14,0.9878419452887538
2020-03-15,1.0
2020-03-16,0.9650455927051672
2020-03-17,0.9300911854103345
2020-03-18,0.8951367781155015
2020-03-19,0.8601823708206687
2020-03-20,0.8252279635258358
2020-03-21,0.7902735562310029
2020-03-22,0.7553191489361702
2020-03-23,0.729483282674772
2020-03-24,0.7036474164133738
2020-03-25,0.6778115501519758
2020-03-26,0.6519756838905776
2020-03-27,0.6261398176291794
2020-03-28,0.6003039513677811
2020-03-29,0.574468085106383
2020-03-30,0.5486322188449848
2020-03-31,0.5227963525835867
2020-04-01,0.49696048632218853
2020-04-02,0.47112462006079026
2020-04-03,0.44528875379939215
2020-04-04,0.4194528875379939
2020-04-05,0.39361702127659576
2020-04-06,0.378419452887538
2020-04-07,0.36322188449848025
2020-04-08,0.3480243161094226
2020-04-09,0.33282674772036475
2020-04-10,0.31762917933130697
2020-04-11,0.30243161094224924
2020-04-12,0.2872340425531915
2020-04-13,0.2857142857142857
2020-04-14,0.28419452887537994
2020-04-15,0.2826747720364741
2020-04-16,0.2811550151975684
2020-04-17,0.2796352583586626
2020-04-18,0.2781155015197569
2020-04-19,0.2765957446808511
2020-04-20,0.2674772036474164
2020-04-21,0.25835866261398177
2020-04-22,0.24924012158054715
2020-04-23,0.24012158054711247
2020-04-24,0.23100303951367782
2020-04-25,0.22188449848024316
2020-04-26,0.2127659574468085
2020-04-27,0.20516717325227962
2020-04-28,0.1975683890577508
2020-04-29,0.1899696048632219
2020-04-30,0.182370820668693
2020-05-01,0.17477203647416412
2020-05-02,0.16717325227963528
2020-05-03,0.1595744680851064
2020-05-04,0.1595744680851064
2020-05-05,0.1595744680851064
2020-05-06,0.1595744680851064
2020-05-07,0.1595744680851064
2020-05-08,0.1595744680851064
2020-05-09,0.1595744680851064
2020-05-10,0.1595744680851064
2020-05-11,0.15653495440729484
2020-05-12,0.15349544072948326
2020-05-13,0.15045592705167174
2020-05-14,0.1474164133738602
2020-05-15,0.14437689969604864
2020-05-16,0.14133738601823706
2020-05-17,0.13829787234042554
2020-05-18,0.13373860182370823
2020-05-19,0.12917933130699089
2020-05-20,0.12462006079027357
2020-05-21,0.12006079027355622
2020-05-22,0.11550151975683891
2020-05-23,0.1109422492401216
2020-05-24,0.10638297872340426
2020-05-25,0.0972644376899696
2020-05-26,0.08814589665653497
2020-05-27,0.0790273556231003
2020-05-28,0.06990881458966565
2020-05-29,0.06079027355623101
2020-05-30,0.05167173252279636
2020-05-31,0.0425531914893617
2020-06-01,0.0425531914893617
2020-06-02,0.0425531914893617
2020-06-03,0.0425531914893617
2020-06-04,0.0425531914893617
2020-06-05,0.0425531914893617
2020-06-06,0.0425531914893617
2020-06-07,0.0425531914893617
2020-06-08,0.0425531914893617
2020-06-09,0.0425531914893617
2020-06-10,0.0425531914893617
2020-06-11,0.0425531914893617
2020-06-12,0.0425531914893617
2020-06-13,0.0425531914893617
2020-06-14,0.0425531914893617
2020-06-15,0.0486322188449848
2020-06-16,0.054711246200607896
2020-06-17,0.060790273556231
2020-06-18,0.0668693009118541
2020-06-19,0.07294832826747721
2020-06-20,0.0790273556231003
2020-06-21,0.0851063829787234
2020-06-22,0.09422492401215805
2020-06-23,0.10334346504559269
2020-06-24,0.11246200607902733
2020-06-25,0.121580547112462
2020-06-26,0.13069908814589665
2020-06-27,0.1398176291793313
2020-06-28,0.14893617021276595
2020-06-29,0.14437689969604864
2020-06-30,0.1398176291793313
2020-07-01,0.135258358662614
2020-07-02,0.13069908814589665
2020-07-03,0.12613981762917933
2020-07-04,0.12158054711246202
2020-07-05,0.11702127659574468
2020-07-06,0.121580547112462
2020-07-07,0.12613981762917933
2020-07-08,0.13069908814589665
2020-07-09,0.135258358662614
2020-07-10,0.1398176291793313
2020-07-11,0.1443768996960486
2020-07-12,0.14893617021276595
2020-07-13,0.14133738601823706
2020-07-14,0.13373860182370823
2020-07-15,0.12613981762917933
2020-07-16,0.11854103343465044
2020-07-17,0.11094224924012157
2020-07-18,0.10334346504559272
2020-07-19,0.09574468085106383
2020-07-20,0.09270516717325226
2020-07-21,0.08966565349544073
2020-07-22,0.08662613981762918
2020-07-23,0.08358662613981764
2020-07-24,0.08054711246200608
2020-07-25,0.07750759878419454
2020-07-26,0.07446808510638298
2020-07-27,0.07446808510638298
2020-07-28,0.07446808510638298
2020-07-29,0.07446808510638298
2020-07-30,0.07446808510638298
2020-07-31,0.07446808510638298
2020-08-01,0.07446808510638298
2020-08-02,0.07446808510638298
2020-08-03,0.07598784194528875
2020-08-04,0.07750759878419454
2020-08-05,0.0790273556231003
2020-08-06,0.08054711246200608
2020-08-07,0.08206686930091185
2020-08-08,0.08358662613981764
2020-08-09,0.0851063829787234
2020-08-10,0.0851063829787234
2020-08-11,0.0851063829787234
2020-08-12,0.0851063829787234
2020-08-13,0.0851063829787234
2020-08-14,0.0851063829787234
2020-08-15,0.0851063829787234
2020-08-16,0.0851063829787234
2020-08-17,0.0851063829787234
2020-08-18,0.0851063829787234
2020-08-19,0.0851063829787234
2020-08-20,0.0851063829787234
2020-08-21,0.0851063829787234
2020-08-22,0.0851063829787234
2020-08-23,0.0851063829787234
2020-08-24,0.08662613981762918
2020-08-25,0.08814589665653497
2020-08-26,0.08966565349544073
2020-08-27,0.0911854103343465
2020-08-28,0.09270516717325226
2020-08-29,0.09422492401215805
2020-08-30,0.09574468085106383
2020-08-31,0.10030395136778116
2020-09-01,0.10486322188449848
2020-09-02,0.10942249240121579
2020-09-03,0.11398176291793315
2020-09-04,0.11854103343465044
2020-09-05,0.12310030395136776
2020-09-06,0.1276595744680851
2020-09-07,0.13373860182370823
2020-09-08,0.1398176291793313
2020-09-09,0.14589665653495443
2020-09-10,0.1519756838905775
2020-09-11,0.1580547112462006
2020-09-12,0.1641337386018237
2020-09-13,0.1702127659574468
2020-09-14,0.1778115501519757
2020-09-15,0.18541033434650453
2020-09-16,0.19300911854103342
2020-09-17,0.2006079027355623
2020-09-18,0.2082066869300912
2020-09-19,0.21580547112462006
2020-09-20,0.22340425531914893
2020-09-21,0.2203647416413374
2020-09-22,0.21732522796352582
2020-09-23,0.21428571428571427
2020-09-24,0.21124620060790275
2020-09-25,0.2082066869300912
2020-09-26,0.20516717325227962
2020-09-27,0.20212765957446807
2020-09-28,0.2082066869300912
2020-09-29,0.21428571428571427
2020-09-30,0.2203647416413374
2020-10-01,0.22644376899696048
2020-10-02,0.2325227963525836
2020-10-03,0.23860182370820668
2020-10-04,0.24468085106382978
2020-10-05,0.24012158054711247
2020-10-06,0.23556231003039513
2020-10-07,0.23100303951367782
2020-10-08,0.22644376899696048
2020-10-09,0.22188449848024316
2020-10-10,0.21732522796352585
2020-10-11,0.2127659574468085
2020-10-12,0.21124620060790275
2020-10-13,0.20972644376899696
2020-10-14,0.2082066869300912
2020-10-15,0.20668693009118538
2020-10-16,0.20516717325227962
2020-10-17,0.20364741641337386
2020-10-18,0.20212765957446807
2020-10-19,0.2006079027355623
2020-10-20,0.19908814589665655
2020-10-21,0.1975683890577508
2020-10-22,0.19604863221884497
2020-10-23,0.1945288753799392
2020-10-24,0.19300911854103342
2020-10-25,0.19148936170212766
2020-10-26,0.182370820668693
2020-10-27,0.17325227963525835
2020-10-28,0.16413373860182373
2020-10-29,0.15501519756838908
2020-10-30,0.14589665653495443
2020-10-31,0.13677811550151978
2020-11-01,0.1276595744680851
2020-11-02,0.12917933130699089
2020-11-03,0.13069908814589665
2020-11-04,0.1322188449848024
2020-11-05,0.13373860182370823
2020-11-06,0.135258358662614
2020-11-07,0.13677811550151978
2020-11-08,0.13829787234042554
2020-11-09,0.13829787234042554
2020-11-10,0.13829787234042554
2020-11-11,0.13829787234042554
2020-11-12,0.13829787234042554
2020-11-13,0.13829787234042554
2020-11-14,0.13829787234042554
2020-11-15,0.13829787234042554
2020-11-16,0.13373860182370823
2020-11-17,0.12917933130699089
2020-11-18,0.12462006079027357
2020-11-19,0.12006079027355622
2020-11-20,0.11550151975683891
2020-11-21,0.1109422492401216
2020-11-22,0.10638297872340426
2020-11-23,0.10638297872340426
2020-11-24,0.10638297872340426
2020-11-25,0.10638297872340426
2020-11-26,0.10638297872340426
2020-11-27,0.10638297872340426
2020-11-28,0.10638297872340426
2020-11-29,0.10638297872340426
2020-11-30,0.10638297872340426
2020-12-01,0.10638297872340426
2020-12-02,0.10638297872340426
2020-12-03,0.10638297872340426
2020-12-04,0.10638297872340426
2020-12-05,0.10638297872340426
2020-12-06,0.10638297872340426
2020-12-07,0.10638297872340426
2020-12-08,0.10638297872340426
2020-12-09,0.10638297872340426
2020-12-10,0.10638297872340426
2020-12-11,0.10638297872340426
2020-12-12,0.10638297872340426
2020-12-13,0.10638297872340426
2020-12-14,0.10334346504559269
2020-12-15,0.10030395136778116
2020-12-16,0.0972644376899696
2020-12-17,0.09422492401215805
2020-12-18,0.0911854103343465
2020-12-19,0.08814589665653497
2020-12-20,0.0851063829787234
2020-12-21,0.08814589665653497
2020-12-22,0.0911854103343465
2020-12-23,0.09422492401215805
2020-12-24,0.0972644376899696
2020-12-25,0.10030395136778116
2020-12-26,0.10334346504559269
2020-12-27,0.10638297872340426
2020-12-28,0.11094224924012157
2020-12-29,0.11550151975683891
2020-12-30,0.12006079027355622
2020-12-31,0.12462006079027357
2021-01-01,0.12917933130699089
2021-01-02,0.1337386018237082
2021-01-03,0.13829787234042554
2021-01-04,0.135258358662614
2021-01-05,0.1322188449848024
2021-01-06,0.12917933130699089
2021-01-07,0.12613981762917933
2021-01-08,0.1231003039513678
2021-01-09,0.12006079027355622
2021-01-10,0.11702127659574468
2021-01-11,0.11094224924012157
2021-01-12,0.10486322188449848
2021-01-13,0.0987841945288754
2021-01-14,0.09270516717325229
2021-01-15,0.08662613981762918
2021-01-16,0.08054711246200608
2021-01-17,0.07446808510638298
2021-01-18,0.07294832826747721
2021-01-19,0.07142857142857142
2021-01-20,0.06990881458966565
2021-01-21,0.06838905775075989
2021-01-22,0.06686930091185411
2021-01-23,0.06534954407294832
2021-01-24,0.06382978723404255
2021-01-25,0.060790273556231
2021-01-26,0.057750759878419454
2021-01-27,0.054711246200607896
2021-01-28,0.05167173252279636
2021-01-29,0.0486322188449848
2021-01-30,0.04559270516717326
2021-01-31,0.0425531914893617
2021-02-01,0.04103343465045593
2021-02-02,0.039513677811550144
2021-02-03,0.037993920972644375
2021-02-04,0.03647416413373861
2021-02-05,0.03495440729483283
2021-02-06,0.03343465045592705
2021-02-07,0.031914893617021274
2021-02-08,0.031914893617021274
2021-02-09,0.031914893617021274
2021-02-10,0.031914893617021274
2021-02-11,0.031914893617021274
2021-02-12,0.031914893617021274
2021-02-13,0.031914893617021274
2021-02-14,0.031914893617021274
2021-02-15,0.03495440729483283
2021-02-16,0.037993920972644375
2021-02-17,0.04103343465045593
2021-02-18,0.04407294832826747
2021-02-19,0.04711246200607903
2021-02-20,0.05015197568389057
2021-02-21,0.05319148936170213
2021-02-22,0.05015197568389057
2021-02-23,0.04711246200607903
2021-02-24,0.04407294832826747
2021-02-25,0.04103343465045593
2021-02-26,0.037993920972644375
2021-02-27,0.03495440729483283
2021-02-28,0.031914893617021274
2021-03-01,0.031914893617021274
2021-03-02,0.031914893617021274
2021-03-03,0.031914893617021274
2021-03-04,0.031914893617021274
2021-03-05,0.031914893617021274
2021-03-06,0.031914893617021274
2021-03-07,0.031914893617021274
2021-03-08,0.031914893617021274
2021-03-09,0.031914893617021274
2021-03-10,0.031914893617021274
2021-03-11,0.031914893617021274
2021-03-12,0.031914893617021274
2021-03-13,0.031914893617021274
2021-03-14,0.031914893617021274
2021-03-15,0.031914893617021274
2021-03-16,0.031914893617021274
2021-03-17,0.031914893617021274
2021-03-18,0.031914893617021274
2021-03-19,0.031914893617021274
2021-03-20,0.031914893617021274
2021-03-21,0.031914893617021274
2021-03-22,0.031914893617021274
2021-03-23,0.031914893617021274
2021-03-24,0.031914893617021274
2021-03-25,0.031914893617021274
2021-03-26,0.031914893617021274
2021-03-27,0.031914893617021274
2021-03-28,0.031914893617021274
2021-03-29,0.031914893617021274
2021-03-30,0.031914893617021274
2021-03-31,0.031914893617021274
2021-04-01,0.031914893617021274
2021-04-02,0.031914893617021274
2021-04-03,0.031914893617021274
2021-04-04,0.031914893617021274
2021-04-05,0.03343465045592705
2021-04-06,0.03495440729483283
2021-04-07,0.03647416413373861
2021-04-08,0.037993920972644375
2021-04-09,0.039513677811550144
2021-04-10,0.04103343465045593
2021-04-11,0.0425531914893617
2021-04-12,0.0425531914893617
2021-04-13,0.0425531914893617
2021-04-14,0.0425531914893617
2021-04-15,0.0425531914893617
2021-04-16,0.0425531914893617
2021-04-17,0.0425531914893617
2021-04-18,0.0425531914893617
2021-04-19,0.04103343465045593
2021-04-20,0.039513677811550144
2021-04-21,0.037993920972644375
2021-04-22,0.03647416413373861
2021-04-23,0.03495440729483283
2021-04-24,0.03343465045592705
2021-04-25,0.031914893617021274
2021-04-26,0.031914893617021274
2021-04-27,0.031914893617021274
2021-04-28,0.031914893617021274
2021-04-29,0.031914893617021274
2021-04-30,0.031914893617021274
2021-05-01,0.031914893617021274
2021-05-02,0.031914893617021274
2021-05-03,0.03343465045592705
2021-05-04,0.03495440729483283
2021-05-05,0.03647416413373861
2021-05-06,0.037993920972644375
2021-05-07,0.039513677811550144
2021-05-08,0.04103343465045593
2021-05-09,0.0425531914893617
2021-05-10,0.0425531914893617
2021-05-11,0.0425531914893617
2021-05-12,0.0425531914893617
2021-05-13,0.0425531914893617
2021-05-14,0.0425531914893617
2021-05-15,0.0425531914893617
2021-05-16,0.0425531914893617
2021-05-17,0.04103343465045593
2021-05-18,0.039513677811550144
2021-05-19,0.037993920972644375
2021-05-20,0.03647416413373861
2021-05-21,0.03495440729483283
2021-05-22,0.03343465045592705
2021-05-23,0.031914893617021274
2021-05-24,0.037993920972644375
2021-05-25,0.04407294832826747
2021-05-26,0.05015197568389057
2021-05-27,0.056231003039513665
2021-05-28,0.06231003039513679
2021-05-29,0.06838905775075989
2021-05-30,0.07446808510638298
2021-05-31,0.06686930091185411
2021-06-01,0.05927051671732522
2021-06-02,0.05167173252279636
2021-06-03,0.04407294832826747
2021-06-04,0.03647416413373861
2021-06-05,0.028875379939209737
2021-06-06,0.02127659574468085
2021-06-07,0.02127659574468085
2021-06-08,0.02127659574468085
2021-06-09,0.02127659574468085
2021-06-10,0.02127659574468085
2021-06-11,0.02127659574468085
2021-06-12,0.02127659574468085
2021-06-13,0.02127659574468085
2021-06-14,0.02127659574468085
2021-06-15,0.02127659574468085
2021-06-16,0.02127659574468085
2021-06-17,0.02127659574468085
2021-06-18,0.02127659574468085
2021-06-19,0.02127659574468085
2021-06-20,0.02127659574468085
2021-06-21,0.022796352583586622
2021-06-22,0.024316109422492408
2021-06-23,0.02583586626139818
2021-06-24,0.027355623100303948
2021-06-25,0.02887537993920972
2021-06-26,0.030395136778115506
2021-06-27,0.031914893617021274
2021-06-28,0.031914893617021274
2021-06-29,0.031914893617021274
2021-06-30,0.031914893617021274
2021-07-01,0.031914893617021274
2021-07-02,0.031914893617021274
2021-07-03,0.031914893617021274
2021-07-04,0.031914893617021274
2021-07-05,0.03343465045592705
2021-07-06,0.03495440729483283
2021-07-07,0.03647416413373861
2021-07-08,0.037993920972644375
2021-07-09,0.039513677811550144
2021-07-10,0.04103343465045593
2021-07-11,0.0425531914893617
2021-07-12,0.0425531914893617
2021-07-13,0.0425531914893617
2021-07-14,0.0425531914893617
2021-07-15,0.0425531914893617
2021-07-16,0.0425531914893617
2021-07-17,0.0425531914893617
2021-07-18,0.0425531914893617
2021-07-19,0.0425531914893617
2021-07-20,0.0425531914893617
2021-07-21,0.0425531914893617
2021-07-22,0.0425531914893617
2021-07-23,0.0425531914893617
2021-07-24,0.0425531914893617
2021-07-25,0.0425531914893617
2021-07-26,0.0425531914893617
2021-07-27,0.0425531914893617
2021-07-28,0.0425531914893617
2021-07-29,0.0425531914893617
2021-07-30,0.0425531914893617
2021-07-31,0.0425531914893617
2021-08-01,0.0425531914893617
2021-08-02,0.04407294832826747
2021-08-03,0.04559270516717326
2021-08-04,0.04711246200607903
2021-08-05,0.0486322188449848
2021-08-06,0.05015197568389057
2021-08-07,0.05167173252279636
2021-08-08,0.05319148936170213
2021-08-09,0.05319148936170213
2021-08-10,0.05319148936170213
2021-08-11,0.05319148936170213
2021-08-12,0.05319148936170213
2021-08-13,0.05319148936170213
2021-08-14,0.05319148936170213
2021-08-15,0.05319148936170213
2021-08-16,0.05319148936170213
2021-08-17,0.05319148936170213
2021-08-18,0.05319148936170213
2021-08-19,0.05319148936170213
2021-08-20,0.05319148936170213
2021-08-21,0.05319148936170213
2021-08-22,0.05319148936170213
2021-08-23,0.054711246200607896
2021-08-24,0.056231003039513686
2021-08-25,0.057750759878419454
2021-08-26,0.05927051671732522
2021-08-27,0.060790273556231
2021-08-28,0.06231003039513679
2021-08-29,0.06382978723404255
2021-08-30,0.06534954407294832
2021-08-31,0.06686930091185411
2021-09-01,0.06838905775075989
2021-09-02,0.06990881458966565
2021-09-03,0.07142857142857142
2021-09-04,0.07294832826747721
2021-09-05,0.07446808510638298
2021-09-06,0.08054711246200608
2021-09-07,0.08662613981762918
2021-09-08,0.09270516717325226
2021-09-09,0.09878419452887537
2021-09-10,0.10486322188449848
2021-09-11,0.11094224924012157
2021-09-12,0.11702127659574468
2021-09-13,0.11702127659574468
2021-09-14,0.11702127659574468
2021-09-15,0.11702127659574468
2021-09-16,0.11702127659574468
2021-09-17,0.11702127659574468
2021-09-18,0.11702127659574468
2021-09-19,0.11702127659574468
2021-09-20,0.12006079027355622
2021-09-21,0.1231003039513678
2021-09-22,0.12613981762917933
2021-09-23,0.12917933130699089
2021-09-24,0.1322188449848024
2021-09-25,0.135258358662614
2021-09-26,0.13829787234042554
2021-09-27,0.14133738601823706
2021-09-28,0.14437689969604864
2021-09-29,0.1474164133738602
2021-09-30,0.15045592705167174
2021-10-01,0.15349544072948326
2021-10-02,0.15653495440729484
2021-10-03,0.1595744680851064
2021-10-04,0.16109422492401215
2021-10-05,0.16261398176291791
2021-10-06,0.1641337386018237
2021-10-07,0.1656534954407295
2021-10-08,0.16717325227963528
2021-10-09,0.16869300911854104
2021-10-10,0.1702127659574468
2021-10-11,0.16869300911854104
2021-10-12,0.16717325227963528
2021-10-13,0.1656534954407295
2021-10-14,0.1641337386018237
2021-10-15,0.16261398176291791
2021-10-16,0.16109422492401215
2021-10-17,0.1595744680851064
2021-10-18,0.15653495440729484
2021-10-19,0.15349544072948326
2021-10-20,0.15045592705167174
2021-10-21,0.1474164133738602
2021-10-22,0.14437689969604864
2021-10-23,0.14133738601823706
2021-10-24,0.13829787234042554
2021-10-25,0.13677811550151978
2021-10-26,0.135258358662614
2021-10-27,0.13373860182370823
2021-10-28,0.1322188449848024
2021-10-29,0.13069908814589665
2021-10-30,0.12917933130699089
2021-10-31,0.1276595744680851
2021-11-01,0.12613981762917933
2021-11-02,0.12462006079027357
2021-11-03,0.1231003039513678
2021-11-04,0.121580547112462
2021-11-05,0.12006079027355622
2021-11-06,0.11854103343465044
2021-11-07,0.11702127659574468
2021-11-08,0.11702127659574468
2021-11-09,0.11702127659574468
2021-11-10,0.11702127659574468
2021-11-11,0.11702127659574468
2021-11-12,0.11702127659574468
2021-11-13,0.11702127659574468
2021-11-14,0.11702127659574468
2021-11-15,0.11398176291793315
2021-11-16,0.11094224924012157
2021-11-17,0.10790273556231003
2021-11-18,0.10486322188449848
2021-11-19,0.10182370820668693
2021-11-20,0.0987841945288754
2021-11-21,0.09574468085106383
2021-11-22,0.0972644376899696
2021-11-23,0.0987841945288754
2021-11-24,0.10030395136778116
2021-11-25,0.10182370820668693
2021-11-26,0.10334346504559269
2021-11-27,0.10486322188449848
2021-11-28,0.10638297872340426
2021-11-29,0.10486322188449848
2021-11-30,0.10334346504559269
2021-12-01,0.10182370820668693
2021-12-02,0.10030395136778116
2021-12-03,0.0987841945288754
2021-12-04,0.0972644376899696
2021-12-05,0.09574468085106383
2021-12-06,0.0972644376899696
2021-12-07,0.0987841945288754
2021-12-08,0.10030395136778116
2021-12-09,0.10182370820668693
2021-12-10,0.10334346504559269
2021-12-11,0.10486322188449848
2021-12-12,0.10638297872340426
2021-12-13,0.10942249240121579
2021-12-14,0.11246200607902737
2021-12-15,0.11550151975683891
2021-12-16,0.11854103343465044
2021-12-17,0.121580547112462
2021-12-18,0.12462006079027357
2021-12-19,0.1276595744680851
2021-12-20,0.1322188449848024
2021-12-21,0.13677811550151978
2021-12-22,0.14133738601823706
2021-12-23,0.14589665653495443
2021-12-24,0.15045592705167174
2021-12-25,0.15501519756838902
2021-12-26,0.1595744680851064
2021-12-27,0.16109422492401215
2021-12-28,0.16261398176291791
2021-12-29,0.1641337386018237
2021-12-30,0.1656534954407295
2021-12-31,0.16717325227963528
2022-01-01,0.16869300911854104
2022-01-02,0.1702127659574468
2022-01-03,0.16109422492401215
2022-01-04,0.1519756838905775
2022-01-05,0.14285714285714288
2022-01-06,0.13373860182370823
2022-01-07,0.12462006079027357
2022-01-08,0.11550151975683891
2022-01-09,0.10638297872340426
2022-01-10,0.0987841945288754
2022-01-11,0.0911854103343465
2022-01-12,0.08358662613981764
2022-01-13,0.07598784194528875
2022-01-14,0.06838905775075989
2022-01-15,0.06079027355623101
2022-01-16,0.05319148936170213
2022-01-17,0.05167173252279636
2022-01-18,0.05015197568389057
2022-01-19,0.0486322188449848
2022-01-20,0.04711246200607903
2022-01-21,0.04559270516717326
2022-01-22,0.04407294832826747
2022-01-23,0.0425531914893617
2022-01-24,0.0425531914893617
2022-01-25,0.0425531914893617
2022-01-26,0.0425531914893617
2022-01-27,0.0425531914893617
2022-01-28,0.0425531914893617
2022-01-29,0.0425531914893617
2022-01-30,0.0425531914893617
2022-01-31,0.04407294832826747
2022-02-01,0.04559270516717326
2022-02-02,0.04711246200607903
2022-02-03,0.0486322188449848
2022-02-04,0.05015197568389057
2022-02-05,0.05167173252279636
2022-02-06,0.05319148936170213
2022-02-07,0.05015197568389057
2022-02-08,0.04711246200607903
2022-02-09,0.04407294832826747
2022-02-10,0.04103343465045593
2022-02-11,0.037993920972644375
2022-02-12,0.03495440729483283
2022-02-13,0.031914893617021274
2022-02-14,0.031914893617021274
2022-02-15,0.031914893617021274
2022-02-16,0.031914893617021274
2022-02-17,0.031914893617021274
2022-02-18,0.031914893617021274
2022-02-19,0.031914893617021274
2022-02-20,0.031914893617021274
2022-02-21,0.031914893617021274
2022-02-22,0.031914893617021274
2022-02-23,0.031914893617021274
2022-02-24,0.031914893617021274
2022-02-25,0.031914893617021274
2022-02-26,0.031914893617021274
2022-02-27,0.031914893617021274
2022-02-28,0.031914893617021274
2022-03-01,0.031914893617021274
2022-03-02,0.031914893617021274
2022-03-03,0.031914893617021274
2022-03-04,0.031914893617021274
2022-03-05,0.031914893617021274
2022-03-06,0.031914893617021274
2022-03-07,0.031914893617021274
2022-03-08,0.031914893617021274
2022-03-09,0.031914893617021274
2022-03-10,0.031914893617021274
2022-03-11,0.031914893617021274
2022-03-12,0.031914893617021274
2022-03-13,0.031914893617021274
2022-03-14,0.031914893617021274
2022-03-15,0.031914893617021274
2022-03-16,0.031914893617021274
2022-03-17,0.031914893617021274
2022-03-18,0.031914893617021274
2022-03-19,0.031914893617021274
2022-03-20,0.031914893617021274
2022-03-21,0.03647416413373861
2022-03-22,0.04103343465045593
2022-03-23,0.045592705167173245
2022-03-24,0.05015197568389057
2022-03-25,0.054711246200607896
2022-03-26,0.05927051671732522
2022-03-27,0.06382978723404255
2022-03-28,0.060790273556231
2022-03-29,0.057750759878419454
2022-03-30,0.054711246200607896
2022-03-31,0.05167173252279636
2022-04-01,0.0486322188449848
2022-04-02,0.04559270516717326
2022-04-03,0.0425531914893617
2022-04-04,0.0425531914893617
2022-04-05,0.0425531914893617
2022-04-06,0.0425531914893617
2022-04-07,0.0425531914893617
2022-04-08,0.0425531914893617
2022-04-09,0.0425531914893617
2022-04-10,0.0425531914893617
2022-04-11,0.04407294832826747
2022-04-12,0.04559270516717326
2022-04-13,0.04711246200607903
2022-04-14,0.0486322188449848
2022-04-15,0.05015197568389057
2022-04-16,0.05167173252279636
2022-04-17,0.05319148936170213
2022-04-18,0.05319148936170213
2022-04-19,0.05319148936170213
2022-04-20,0.05319148936170213
2022-04-21,0.05319148936170213
2022-04-22,0.05319148936170213
2022-04-23,0.05319148936170213
2022-04-24,0.05319148936170213
2022-04-25,0.05167173252279636
2022-04-26,0.05015197568389057
2022-04-27,0.0486322188449848
2022-04-28,0.04711246200607903
2022-04-29,0.04559270516717326
2022-04-30,0.04407294832826747
2022-05-01,0.0425531914893617
2022-05-02,0.04559270516717326
2022-05-03,0.0486322188449848
2022-05-04,0.05167173252279636
2022-05-05,0.054711246200607896
2022-05-06,0.057750759878419454
2022-05-07,0.060790273556231
2022-05-08,0.06382978723404255
2022-05-09,0.06231003039513679
2022-05-10,0.060790273556231
2022-05-11,0.05927051671732522
2022-05-12,0.057750759878419454
2022-05-13,0.056231003039513686
2022-05-14,0.054711246200607896
2022-05-15,0.05319148936170213
2022-05-16,0.05319148936170213
2022-05-17,0.05319148936170213
2022-05-18,0.05319148936170213
2022-05-19,0.05319148936170213
2022-05-20,0.05319148936170213
2022-05-21,0.05319148936170213
2022-05-22,0.05319148936170213
2022-05-23,0.05319148936170213
2022-05-24,0.05319148936170213
2022-05-25,0.05319148936170213
2022-05-26,0.05319148936170213
2022-05-27,0.05319148936170213
2022-05-28,0.05319148936170213
2022-05-29,0.05319148936170213
2022-05-30,0.05167173252279636
2022-05-31,0.05015197568389057
2022-06-01,0.0486322188449848
2022-06-02,0.04711246200607903
2022-06-03,0.04559270516717326
2022-06-04,0.04407294832826747
2022-06-05,0.0425531914893617
2022-06-06,0.04103343465045593
2022-06-07,0.039513677811550144
2022-06-08,0.037993920972644375
2022-06-09,0.03647416413373861
2022-06-10,0.03495440729483283
2022-06-11,0.03343465045592705
2022-06-12,0.031914893617021274
2022-06-13,0.031914893617021274
2022-06-14,0.031914893617021274
2022-06-15,0.031914893617021274
2022-06-16,0.031914893617021274
2022-06-17,0.031914893617021274
2022-06-18,0.031914893617021274
2022-06-19,0.031914893617021274
2022-06-20,0.031914893617021274
2022-06-21,0.031914893617021274
2022-06-22,0.031914893617021274
2022-06-23,0.031914893617021274
2022-06-24,0.031914893617021274
2022-06-25,0.031914893617021274
2022-06-26,0.031914893617021274
2022-06-27,0.03343465045592705
2022-06-28,0.03495440729483283
2022-06-29,0.03647416413373861
2022-06-30,0.037993920972644375
2022-07-01,0.039513677811550144
2022-07-02,0.04103343465045593
2022-07-03,0.0425531914893617
2022-07-04,0.039513677811550144
2022-07-05,0.03647416413373861
2022-07-06,0.03343465045592705
2022-07-07,0.030395136778115506
2022-07-08,0.027355623100303948
2022-07-09,0.024316109422492408
2022-07-10,0.02127659574468085
2022-07-11,0.02127659574468085
2022-07-12,0.02127659574468085
2022-07-13,0.02127659574468085
2022-07-14,0.02127659574468085
2022-07-15,0.02127659574468085
2022-07-16,0.02127659574468085
2022-07-17,0.02127659574468085
2022-07-18,0.02127659574468085
2022-07-19,0.02127659574468085
2022-07-20,0.02127659574468085
2022-07-21,0.02127659574468085
2022-07-22,0.02127659574468085
2022-07-23,0.02127659574468085
2022-07-24,0.02127659574468085
2022-07-25,0.02127659574468085
2022-07-26,0.02127659574468085
2022-07-27,0.02127659574468085
2022-07-28,0.02127659574468085
2022-07-29,0.02127659574468085
2022-07-30,0.02127659574468085
2022-07-31,0.02127659574468085
2022-08-01,0.02127659574468085
2022-08-02,0.02127659574468085
2022-08-03,0.02127659574468085
2022-08-04,0.02127659574468085
2022-08-05,0.02127659574468085
2022-08-06,0.02127659574468085
2022-08-07,0.02127659574468085
2022-08-08,0.022796352583586622
2022-08-09,0.024316109422492408
2022-08-10,0.02583586626139818
2022-08-11,0.027355623100303948
2022-08-12,0.02887537993920972
2022-08-13,0.030395136778115506
2022-08-14,0.031914893617021274
2022-08-15,0.03495440729483283
2022-08-16,0.037993920972644375
2022-08-17,0.04103343465045593
2022-08-18,0.04407294832826747
2022-08-19,0.04711246200607903
2022-08-20,0.05015197568389057
2022-08-21,0.05319148936170213
2022-08-22,0.05015197568389057
2022-08-23,0.04711246200607903
2022-08-24,0.04407294832826747
2022-08-25,0.04103343465045593
2022-08-26,0.037993920972644375
2022-08-27,0.03495440729483283
2022-08-28,0.031914893617021274
2022-08-29,0.03343465045592705
2022-08-30,0.03495440729483283
2022-08-31,0.03647416413373861
2022-09-01,0.037993920972644375
2022-09-02,0.039513677811550144
2022-09-03,0.04103343465045593
2022-09-04,0.0425531914893617
2022-09-05,0.04711246200607903
2022-09-06,0.05167173252279636
2022-09-07,0.056231003039513665
2022-09-08,0.060790273556231
2022-09-09,0.06534954407294832
2022-09-10,0.06990881458966565
2022-09-11,0.07446808510638298
2022-09-12,0.07750759878419454
2022-09-13,0.08054711246200608
2022-09-14,0.08358662613981764
2022-09-15,0.08662613981762918
2022-09-16,0.08966565349544073
2022-09-17,0.09270516717325226
2022-09-18,0.09574468085106383
2022-09-19,0.0972644376899696
2022-09-20,0.0987841945288754
2022-09-21,0.10030395136778116
2022-09-22,0.10182370820668693
2022-09-23,0.10334346504559269
2022-09-24,0.10486322188449848
2022-09-25,0.10638297872340426
2022-09-26,0.10790273556231003
2022-09-27,0.10942249240121579
2022-09-28,0.11094224924012157
2022-09-29,0.11246200607902737
2022-09-30,0.11398176291793315
2022-10-01,0.11550151975683891
2022-10-02,0.11702127659574468
2022-10-03,0.121580547112462
2022-10-04,0.12613981762917933
2022-10-05,0.13069908814589665
2022-10-06,0.135258358662614
2022-10-07,0.1398176291793313
2022-10-08,0.1443768996960486
2022-10-09,0.14893617021276595
2022-10-10,0.15045592705167174
2022-10-11,0.1519756838905775
2022-10-12,0.15349544072948326
2022-10-13,0.15501519756838908
2022-10-14,0.15653495440729484
2022-10-15,0.1580547112462006
2022-10-16,0.1595744680851064
2022-10-17,0.1641337386018237
2022-10-18,0.16869300911854104
2022-10-19,0.17325227963525835
2022-10-20,0.1778115501519757
2022-10-21,0.182370820668693
2022-10-22,0.18693009118541032
2022-10-23,0.19148936170212766
2022-10-24,0.1899696048632219
2022-10-25,0.1884498480243161
2022-10-26,0.18693009118541035
2022-10-27,0.18541033434650453
2022-10-28,0.18389057750759877
2022-10-29,0.182370820668693
2022-10-30,0.18085106382978725
2022-10-31,0.17933130699088146
2022-11-01,0.1778115501519757
2022-11-02,0.17629179331306993
2022-11-03,0.17477203647416412
2022-11-04,0.17325227963525835
2022-11-05,0.17173252279635257
2022-11-06,0.1702127659574468
2022-11-07,0.1702127659574468
2022-11-08,0.1702127659574468
2022-11-09,0.1702127659574468
2022-11-10,0.1702127659574468
2022-11-11,0.1702127659574468
2022-11-12,0.1702127659574468
2022-11-13,0.1702127659574468
2022-11-14,0.16869300911854104
2022-11-15,0.16717325227963528
2022-11-16,0.1656534954407295
2022-11-17,0.1641337386018237
2022-11-18,0.16261398176291791
2022-11-19,0.16109422492401215
2022-11-20,0.1595744680851064
2022-11-21,0.1641337386018237
2022-11-22,0.16869300911854104
2022-11-23,0.17325227963525835
2022-11-24,0.1778115501519757
2022-11-25,0.182370820668693
2022-11-26,0.18693009118541032
2022-11-27,0.19148936170212766
2022-11-28,0.19148936170212766
2022-11-29,0.19148936170212766
2022-11-30,0.19148936170212766
2022-12-01,0.19148936170212766
2022-12-02,0.19148936170212766
2022-12-03,0.19148936170212766
2022-12-04,0.19148936170212766
2022-12-05,0.19148936170212766
2022-12-06,0.19148936170212766
2022-12-07,0.19148936170212766
2022-12-08,0.19148936170212766
2022-12-09,0.19148936170212766
2022-12-10,0.19148936170212766
2022-12-11,0.19148936170212766
2022-12-12,0.1899696048632219
2022-12-13,0.1884498480243161
2022-12-14,0.18693009118541035
2022-12-15,0.18541033434650453
2022-12-16,0.18389057750759877
2022-12-17,0.182370820668693
2022-12-18,0.18085106382978725
2022-12-19,0.17629179331306993
2022-12-20,0.17173252279635257
2022-12-21,0.16717325227963528
2022-12-22,0.16261398176291791
2022-12-23,0.1580547112462006
2022-12-24,0.15349544072948332
2022-12-25,0.14893617021276595
2022-12-26,0.14133738601823706
2022-12-27,0.13373860182370823
2022-12-28,0.12613981762917933
2022-12-29,0.11854103343465044
2022-12-30,0.11094224924012157
2022-12-31,0.10334346504559272
2023-01-01,0.09574468085106383
2023-01-02,0.0911854103343465
2023-01-03,0.08662613981762918
2023-01-04,0.08206686930091187
2023-01-05,0.07750759878419454
2023-01-06,0.07294832826747721
2023-01-07,0.06838905775075989
2023-01-08,0.06382978723404255
2023-01-09,0.06231003039513679
2023-01-10,0.060790273556231
2023-01-11,0.05927051671732522
2023-01-12,0.057750759878419454
2023-01-13,0.056231003039513686
2023-01-14,0.054711246200607896
2023-01-15,0.05319148936170213
2023-01-16,0.05167173252279636
2023-01-17,0.05015197568389057
2023-01-18,0.0486322188449848
2023-01-19,0.04711246200607903
2023-01-20,0.04559270516717326
2023-01-21,0.04407294832826747
2023-01-22,0.0425531914893617
2023-01-23,0.0425531914893617
2023-01-24,0.0425531914893617
2023-01-25,0.0425531914893617
2023-01-26,0.0425531914893617
2023-01-27,0.0425531914893617
2023-01-28,0.0425531914893617
2023-01-29,0.0425531914893617
2023-01-30,0.0425531914893617
2023-01-31,0.0425531914893617
2023-02-01,0.0425531914893617
2023-02-02,0.0425531914893617
2023-02-03,0.0425531914893617
2023-02-04,0.0425531914893617
2023-02-05,0.0425531914893617
2023-02-06,0.0425531914893617
2023-02-07,0.0425531914893617
2023-02-08,0.0425531914893617
2023-02-09,0.0425531914893617
2023-02-10,0.0425531914893617
2023-02-11,0.0425531914893617
2023-02-12,0.0425531914893617
2023-02-13,0.0425531914893617
2023-02-14,0.0425531914893617
2023-02-15,0.0425531914893617
2023-02-16,0.0425531914893617
2023-02-17,0.0425531914893617
2023-02-18,0.0425531914893617
2023-02-19,0.0425531914893617
2023-02-20,0.0425531914893617
2023-02-21,0.0425531914893617
2023-02-22,0.0425531914893617
2023-02-23,0.0425531914893617
2023-02-24,0.0425531914893617
2023-02-25,0.0425531914893617
2023-02-26,0.0425531914893617
2023-02-27,0.04407294832826747
2023-02-28,0.04559270516717326
2023-03-01,0.04711246200607903
2023-03-02,0.0486322188449848
2023-03-03,0.05015197568389057
2023-03-04,0.05167173252279636
2023-03-05,0.05319148936170213
2023-03-06,0.05015197568389057
2023-03-07,0.04711246200607903
2023-03-08,0.04407294832826747
2023-03-09,0.04103343465045593
2023-03-10,0.037993920972644375
2023-03-11,0.03495440729483283
2023-03-12,0.031914893617021274
2023-03-13,0.031914893617021274
2023-03-14,0.031914893617021274
2023-03-15,0.031914893617021274
2023-03-16,0.031914893617021274
2023-03-17,0.031914893617021274
2023-03-18,0.031914893617021274
2023-03-19,0.031914893617021274
2023-03-20,0.031914893617021274
2023-03-21,0.031914893617021274
2023-03-22,0.031914893617021274
2023-03-23,0.031914893617021274
2023-03-24,0.031914893617021274
2023-03-25,0.031914893617021274
2023-03-26,0.031914893617021274
2023-03-27,0.031914893617021274
2023-03-28,0.031914893617021274
2023-03-29,0.031914893617021274
2023-03-30,0.031914893617021274
2023-03-31,0.031914893617021274
2023-04-01,0.031914893617021274
2023-04-02,0.031914893617021274
2023-04-03,0.03495440729483283
2023-04-04,0.037993920972644375
2023-04-05,0.04103343465045593
2023-04-06,0.04407294832826747
2023-04-07,0.04711246200607903
2023-04-08,0.05015197568389057
2023-04-09,0.05319148936170213
2023-04-10,0.0486322188449848
2023-04-11,0.04407294832826747
2023-04-12,0.039513677811550164
2023-04-13,0.03495440729483283
2023-04-14,0.030395136778115506
2023-04-15,0.02583586626139818
2023-04-16,0.02127659574468085
2023-04-17,0.02127659574468085
2023-04-18,0.02127659574468085
2023-04-19,0.02127659574468085
2023-04-20,0.02127659574468085
2023-04-21,0.02127659574468085
2023-04-22,0.02127659574468085
2023-04-23,0.02127659574468085
2023-04-24,0.022796352583586622
2023-04-25,0.024316109422492408
2023-04-26,0.02583586626139818
2023-04-27,0.027355623100303948
2023-04-28,0.02887537993920972
2023-04-29,0.030395136778115506
2023-04-30,0.031914893617021274
2023-05-01,0.030395136778115506
2023-05-02,0.02887537993920972
2023-05-03,0.027355623100303948
2023-05-04,0.02583586626139818
2023-05-05,0.024316109422492408
2023-05-06,0.022796352583586622
2023-05-07,0.02127659574468085
2023-05-08,0.024316109422492408
2023-05-09,0.027355623100303948
2023-05-10,0.030395136778115506
2023-05-11,0.03343465045592705
2023-05-12,0.03647416413373861
2023-05-13,0.039513677811550144
2023-05-14,0.0425531914893617
2023-05-15,0.039513677811550144
2023-05-16,0.03647416413373861
2023-05-17,0.03343465045592705
2023-05-18,0.030395136778115506
2023-05-19,0.027355623100303948
2023-05-20,0.024316109422492408
2023-05-21,0.02127659574468085
2023-05-22,0.022796352583586622
2023-05-23,0.024316109422492408
2023-05-24,0.02583586626139818
2023-05-25,0.027355623100303948
2023-05-26,0.02887537993920972
2023-05-27,0.030395136778115506
2023-05-28,0.031914893617021274
2023-05-29,0.02887537993920972
2023-05-30,0.02583586626139818
2023-05-31,0.022796352583586622
2023-06-01,0.019756838905775082
2023-06-02,0.016717325227963525
2023-06-03,0.013677811550151974
2023-06-04,0.010638297872340425
2023-06-05,0.010638297872340425
2023-06-06,0.010638297872340425
2023-06-07,0.010638297872340425
2023-06-08,0.010638297872340425
2023-06-09,0.010638297872340425
2023-06-10,0.010638297872340425
2023-06-11,0.010638297872340425
2023-06-12,0.010638297872340425
2023-06-13,0.010638297872340425
2023-06-14,0.010638297872340425
2023-06-15,0.010638297872340425
2023-06-16,0.010638297872340425
2023-06-17,0.010638297872340425
2023-06-18,0.010638297872340425
2023-06-19,0.010638297872340425
2023-06-20,0.010638297872340425
2023-06-21,0.010638297872340425
2023-06-22,0.010638297872340425
2023-06-23,0.010638297872340425
2023-06-24,0.010638297872340425
2023-06-25,0.010638297872340425
2023-06-26,0.009118541033434647
2023-06-27,0.0075987841945288764
2023-06-28,0.006079027355623098
2023-06-29,0.004559270516717328
2023-06-30,0.003039513677811549
2023-07-01,0.0015197568389057792
2023-07-02,0.0
2023-07-03,0.0015197568389057792
2023-07-04,0.003039513677811549
2023-07-05,0.004559270516717328
2023-07-06,0.006079027355623098
2023-07-07,0.0075987841945288764
2023-07-08,0.009118541033434647
2023-07-09,0.010638297872340425
2023-07-10,0.012158054711246204
2023-07-11,0.013677811550151974
2023-07-12,0.015197568389057753
2023-07-13,0.016717325227963525
2023-07-14,0.018237082066869303
2023-07-15,0.019756838905775072
2023-07-16,0.02127659574468085
2023-07-17,0.030395136778115506
2023-07-18,0.039513677811550144
2023-07-19,0.0486322188449848
2023-07-20,0.057750759878419454
2023-07-21,0.0668693009118541
2023-07-22,0.07598784194528875
2023-07-23,0.0851063829787234
2023-07-24,0.08966565349544073
2023-07-25,0.09422492401215805
2023-07-26,0.09878419452887537
2023-07-27,0.10334346504559269
2023-07-28,0.10790273556231003
2023-07-29,0.11246200607902733
2023-07-30,0.11702127659574468
2023-07-31,0.11246200607902737
2023-08-01,0.10790273556231003
2023-08-02,0.10334346504559272
2023-08-03,0.0987841945288754
2023-08-04,0.09422492401215805
2023-08-05,0.08966565349544073
2023-08-06,0.0851063829787234
2023-08-07,0.08054711246200608
2023-08-08,0.07598784194528875
2023-08-09,0.07142857142857144
2023-08-10,0.06686930091185411
2023-08-11,0.06231003039513679
2023-08-12,0.057750759878419454
2023-08-13,0.05319148936170213
2023-08-14,0.05167173252279636
2023-08-15,0.05015197568389057
2023-08-16,0.0486322188449848
2023-08-17,0.04711246200607903
2023-08-18,0.04559270516717326
2023-08-19,0.04407294832826747
2023-08-20,0.0425531914893617
2023-08-21,0.0425531914893617
2023-08-22,0.0425531914893617
2023-08-23,0.0425531914893617
2023-08-24,0.0425531914893617
2023-08-25,0.0425531914893617
2023-08-26,0.0425531914893617
2023-08-27,0.0425531914893617
2023-08-28,0.0425531914893617
2023-08-29,0.0425531914893617
2023-08-30,0.0425531914893617
2023-08-31,0.0425531914893617
2023-09-01,0.0425531914893617
2023-09-02,0.0425531914893617
2023-09-03,0.0425531914893617
2023-09-04,0.04559270516717326
2023-09-05,0.0486322188449848
2023-09-06,0.05167173252279636
2023-09-07,0.054711246200607896
2023-09-08,0.057750759878419454
2023-09-09,0.060790273556231
2023-09-10,0.06382978723404255
2023-09-11,0.06686930091185411
2023-09-12,0.06990881458966565
2023-09-13,0.07294832826747721
2023-09-14,0.07598784194528875
2023-09-15,0.0790273556231003
2023-09-16,0.08206686930091185
2023-09-17,0.0851063829787234
2023-09-18,0.08814589665653497
2023-09-19,0.0911854103343465
2023-09-20,0.09422492401215805
2023-09-21,0.0972644376899696
2023-09-22,0.10030395136778116
2023-09-23,0.10334346504559269
2023-09-24,0.10638297872340426
2023-09-25,0.10638297872340426
2023-09-26,0.10638297872340426
2023-09-27,0.10638297872340426
2023-09-28,0.10638297872340426
2023-09-29,0.10638297872340426
2023-09-30,0.10638297872340426
2023-10-01,0.10638297872340426
2023-10-02,0.10638297872340426
2023-10-03,0.10638297872340426
2023-10-04,0.10638297872340426
2023-10-05,0.10638297872340426
2023-10-06,0.10638297872340426
2023-10-07,0.10638297872340426
2023-10-08,0.10638297872340426
2023-10-09,0.10486322188449848
2023-10-10,0.10334346504559269
2023-10-11,0.10182370820668693
2023-10-12,0.10030395136778116
2023-10-13,0.0987841945288754
2023-10-14,0.0972644376899696
2023-10-15,0.09574468085106383
2023-10-16,0.09422492401215805
2023-10-17,0.09270516717325226
2023-10-18,0.0911854103343465
2023-10-19,0.08966565349544073
2023-10-20,0.08814589665653497
2023-10-21,0.08662613981762918
2023-10-22,0.0851063829787234
2023-10-23,0.08662613981762918
2023-10-24,0.08814589665653497
2023-10-25,0.08966565349544073
2023-10-26,0.0911854103343465
2023-10-27,0.09270516717325226
2023-10-28,0.09422492401215805
2023-10-29,0.09574468085106383
2023-10-30,0.09574468085106383
2023-10-31,0.09574468085106383
2023-11-01,0.09574468085106383
2023-11-02,0.09574468085106383
2023-11-03,0.09574468085106383
2023-11-04,0.09574468085106383
2023-11-05,0.09574468085106383
2023-11-06,0.09422492401215805
2023-11-07,0.09270516717325226
2023-11-08,0.0911854103343465
2023-11-09,0.08966565349544073
2023-11-10,0.08814589665653497
2023-11-11,0.08662613981762918
2023-11-12,0.0851063829787234
2023-11-13,0.08358662613981764
2023-11-14,0.08206686930091185
2023-11-15,0.08054711246200608
2023-11-16,0.0790273556231003
2023-11-17,0.07750759878419454
2023-11-18,0.07598784194528875
2023-11-19,0.07446808510638298
2023-11-20,0.07750759878419454
2023-11-21,0.08054711246200608
2023-11-22,0.08358662613981764
2023-11-23,0.08662613981762918
2023-11-24,0.08966565349544073
2023-11-25,0.09270516717325226
2023-11-26,0.09574468085106383
2023-11-27,0.09574468085106383
2023-11-28,0.09574468085106383
2023-11-29,0.09574468085106383
2023-11-30,0.09574468085106383
2023-12-01,0.09574468085106383
2023-12-02,0.09574468085106383
2023-12-03,0.09574468085106383
2023-12-04,0.0972644376899696
2023-12-05,0.0987841945288754
2023-12-06,0.10030395136778116
2023-12-07,0.10182370820668693
2023-12-08,0.10334346504559269
2023-12-09,0.10486322188449848
2023-12-10,0.10638297872340426
2023-12-11,0.11550151975683891
2023-12-12,0.12462006079027357
2023-12-13,0.1337386018237082
2023-12-14,0.14285714285714285
2023-12-15,0.1519756838905775
2023-12-16,0.16109422492401215
2023-12-17,0.1702127659574468
2023-12-18,0.1656534954407295
2023-12-19,0.16109422492401215
2023-12-20,0.15653495440729484
2023-12-21,0.1519756838905775
2023-12-22,0.1474164133738602
2023-12-23,0.14285714285714288
2023-12-24,0.13829787234042554
2023-12-25,0.135258358662614
2023-12-26,0.1322188449848024
2023-12-27,0.12917933130699089
2023-12-28,0.12613981762917933
2023-12-29,0.1231003039513678
2023-12-30,0.12006079027355622
2023-12-31,0.11702127659574468
2024-01-01,0.11246200607902737
2024-01-02,0.10790273556231003
2024-01-03,0.10334346504559272
2024-01-04,0.0987841945288754
2024-01-05,0.09422492401215805
2024-01-06,0.08966565349544073
2024-01-07,0.0851063829787234
2024-01-08,0.08358662613981764
2024-01-09,0.08206686930091185
2024-01-10,0.08054711246200608
2024-01-11,0.0790273556231003
2024-01-12,0.07750759878419454
2024-01-13,0.07598784194528875
2024-01-14,0.07446808510638298
2024-01-15,0.07294832826747721
2024-01-16,0.07142857142857142
2024-01-17,0.06990881458966565
2024-01-18,0.06838905775075989
2024-01-19,0.06686930091185411
2024-01-20,0.06534954407294832
2024-01-21,0.06382978723404255
2024-01-22,0.06534954407294832
2024-01-23,0.06686930091185411
2024-01-24,0.06838905775075989
2024-01-25,0.06990881458966565
2024-01-26,0.07142857142857142
2024-01-27,0.07294832826747721
2024-01-28,0.07446808510638298
2024-01-29,0.07446808510638298
2024-01-30,0.07446808510638298
2024-01-31,0.07446808510638298
2024-02-01,0.07446808510638298
2024-02-02,0.07446808510638298
2024-02-03,0.07446808510638298
2024-02-04,0.07446808510638298
2024-02-05,0.07446808510638298
2024-02-06,0.07446808510638298
2024-02-07,0.07446808510638298
2024-02-08,0.07446808510638298
2024-02-09,0.07446808510638298
2024-02-10,0.07446808510638298
2024-02-11,0.07446808510638298
2024-02-12,0.07446808510638298
2024-02-13,0.07446808510638298
2024-02-14,0.07446808510638298
2024-02-15,0.07446808510638298
2024-02-16,0.07446808510638298
2024-02-17,0.07446808510638298
2024-02-18,0.07446808510638298
2024-02-19,0.07446808510638298
2024-02-20,0.07446808510638298
2024-02-21,0.07446808510638298
2024-02-22,0.07446808510638298
2024-02-23,0.07446808510638298
2024-02-24,0.07446808510638298
2024-02-25,0.07446808510638298
2024-02-26,0.07294832826747721
2024-02-27,0.07142857142857142
2024-02-28,0.06990881458966565
2024-02-29,0.06838905775075989
2024-03-01,0.06686930091185411
2024-03-02,0.06534954407294832
2024-03-03,0.06382978723404255
2024-03-04,0.06231003039513679
2024-03-05,0.060790273556231
2024-03-06,0.05927051671732522
2024-03-07,0.057750759878419454
2024-03-08,0.056231003039513686
2024-03-09,0.054711246200607896
2024-03-10,0.05319148936170213
2024-03-11,0.05167173252279636
2024-03-12,0.05015197568389057
2024-03-13,0.0486322188449848
2024-03-14,0.04711246200607903
2024-03-15,0.04559270516717326
2024-03-16,0.04407294832826747
2024-03-17,0.0425531914893617
2024-03-18,0.0425531914893617
2024-03-19,0.0425531914893617
2024-03-20,0.0425531914893617
2024-03-21,0.0425531914893617
2024-03-22,0.0425531914893617
2024-03-23,0.0425531914893617
2024-03-24,0.0425531914893617
2024-03-25,0.04559270516717326
2024-03-26,0.0486322188449848
2024-03-27,0.05167173252279636
2024-03-28,0.054711246200607896
2024-03-29,0.057750759878419454
2024-03-30,0.060790273556231
2024-03-31,0.06382978723404255
2024-04-01,0.060790273556231
2024-04-02,0.057750759878419454
2024-04-03,0.054711246200607896
2024-04-04,0.05167173252279636
2024-04-05,0.0486322188449848
2024-04-06,0.04559270516717326
2024-04-07,0.0425531914893617
2024-04-08,0.0425531914893617
2024-04-09,0.0425531914893617
2024-04-10,0.0425531914893617
2024-04-11,0.0425531914893617
2024-04-12,0.0425531914893617
2024-04-13,0.0425531914893617
2024-04-14,0.0425531914893617
2024-04-15,0.04407294832826747
2024-04-16,0.04559270516717326
2024-04-17,0.04711246200607903
2024-04-18,0.0486322188449848
2024-04-19,0.05015197568389057
2024-04-20,0.05167173252279636
2024-04-21,0.05319148936170213
2024-04-22,0.05319148936170213
2024-04-23,0.05319148936170213
2024-04-24,0.05319148936170213
2024-04-25,0.05319148936170213
2024-04-26,0.05319148936170213
2024-04-27,0.05319148936170213
2024-04-28,0.05319148936170213
2024-04-29,0.05015197568389057
2024-04-30,0.04711246200607903
2024-05-01,0.04407294832826747
2024-05-02,0.04103343465045593
2024-05-03,0.037993920972644375
2024-05-04,0.03495440729483283
2024-05-05,0.031914893617021274
2024-05-06,0.031914893617021274
2024-05-07,0.031914893617021274
2024-05-08,0.031914893617021274
2024-05-09,0.031914893617021274
2024-05-10,0.031914893617021274
2024-05-11,0.031914893617021274
2024-05-12,0.031914893617021274
2024-05-13,0.03343465045592705
2024-05-14,0.03495440729483283
2024-05-15,0.03647416413373861
2024-05-16,0.037993920972644375
2024-05-17,0.039513677811550144
2024-05-18,0.04103343465045593
2024-05-19,0.0425531914893617
2024-05-20,0.04103343465045593
2024-05-21,0.039513677811550144
2024-05-22,0.037993920972644375
2024-05-23,0.03647416413373861
2024-05-24,0.03495440729483283
2024-05-25,0.03343465045592705
2024-05-26,0.031914893617021274
2024-05-27,0.031914893617021274
2024-05-28,0.031914893617021274
2024-05-29,0.031914893617021274
2024-05-30,0.031914893617021274
2024-05-31,0.031914893617021274
2024-06-01,0.031914893617021274
2024-06-02,0.031914893617021274
2024-06-03,0.031914893617021274
2024-06-04,0.031914893617021274
2024-06-05,0.031914893617021274
2024-06-06,0.031914893617021274
2024-06-07,0.031914893617021274
2024-06-08,0.031914893617021274
2024-06-09,0.031914893617021274
2024-06-10,0.031914893617021274
2024-06-11,0.031914893617021274
2024-06-12,0.031914893617021274
2024-06-13,0.031914893617021274
2024-06-14,0.031914893617021274
2024-06-15,0.031914893617021274
2024-06-16,0.031914893617021274
2024-06-17,0.030395136778115506
2024-06-18,0.02887537993920972
2024-06-19,0.027355623100303948
2024-06-20,0.02583586626139818
2024-06-21,0.024316109422492408
2024-06-22,0.022796352583586622
2024-06-23,0.02127659574468085
2024-06-24,0.019756838905775072
2024-06-25,0.018237082066869303
2024-06-26,0.016717325227963525
2024-06-27,0.015197568389057753
2024-06-28,0.013677811550151974
2024-06-29,0.012158054711246204
2024-06-30,0.010638297872340425
2024-07-01,0.012158054711246204
2024-07-02,0.013677811550151974
2024-07-03,0.015197568389057753
2024-07-04,0.016717325227963525
2024-07-05,0.018237082066869303
2024-07-06,0.019756838905775072
2024-07-07,0.02127659574468085
2024-07-08,0.02127659574468085
2024-07-09,0.02127659574468085
2024-07-10,0.02127659574468085
2024-07-11,0.02127659574468085
2024-07-12,0.02127659574468085
2024-07-13,0.02127659574468085
2024-07-14,0.02127659574468085
2024-07-15,0.02127659574468085
2024-07-16,0.02127659574468085
2024-07-17,0.02127659574468085
2024-07-18,0.02127659574468085
2024-07-19,0.02127659574468085
2024-07-20,0.02127659574468085
2024-07-21,0.02127659574468085
2024-07-22,0.02127659574468085
2024-07-23,0.02127659574468085
2024-07-24,0.02127659574468085
2024-07-25,0.02127659574468085
2024-07-26,0.02127659574468085
2024-07-27,0.02127659574468085
2024-07-28,0.02127659574468085
2024-07-29,0.02127659574468085
2024-07-30,0.02127659574468085
2024-07-31,0.02127659574468085
2024-08-01,0.02127659574468085
2024-08-02,0.02127659574468085
2024-08-03,0.02127659574468085
2024-08-04,0.02127659574468085
2024-08-05,0.02127659574468085
2024-08-06,0.02127659574468085
2024-08-07,0.02127659574468085
2024-08-08,0.02127659574468085
2024-08-09,0.02127659574468085
2024-08-10,0.02127659574468085
2024-08-11,0.02127659574468085
2024-08-12,0.022796352583586622
2024-08-13,0.024316109422492408
2024-08-14,0.02583586626139818
2024-08-15,0.027355623100303948
2024-08-16,0.02887537993920972
2024-08-17,0.030395136778115506
2024-08-18,0.031914893617021274
2024-08-19,0.030395136778115506
2024-08-20,0.02887537993920972
2024-08-21,0.027355623100303948
2024-08-22,0.02583586626139818
2024-08-23,0.024316109422492408
2024-08-24,0.022796352583586622
2024-08-25,0.02127659574468085
